1,Senior Men's Singles,Sr. Singles,League,SB,Fa-24,1,Men's,Monday,10:00a,8/26/2024,4/21/2025,3,32,0
1,Summer Senior Men's Singles,Su Sr. Singles,League,SB,Su-25,1,Men's,Thursday,10:00a,5/1/2025,7/31/2025,3,14,0
1,Summer Match Play,Su Match,League,SB,Su-25,4,Mixed,Monday,6:15p,5/12/2025,8/18/2025,3,14,0
1,Senior Men's Trio,Sr. Trio,League,SB,Fa-25,3,Men's,Friday,10:00a,8/29/2025,4/3/2026,3,32,2
1,BowlerMaxx Nighthawks,BowlerMaxx,League,SB,Fa-25,5,Mixed,Wednesday,6:05p,8/20/2025,4/8/2026,3,32,2
1,Sunday Football,Football,League,SB,Fa-25,4,Mixed,Sunday,6:00p,9/7/2025,5/10/2026,3,32,1
1,Bennet Services,Bennet,League,SB,Fa-25,4,Mixed,Monday,,,,3,33,3
1,County Senior Match Play Qualify-1,Sr. MP Q1,Tournament,HBC,Sp-26,1,Mixed,Saturday,10:00a,1/31/2026,1/31/2026,4,,
1,County Senior Match Play Qualify-2,Sr. MP Q2,Tournament,SB,Sp-26,1,Mixed,Sunday,10:00a,2/1/2026,2/1/2026,4,,
1,County Senior Championship-Singles,Cty Sr. Singles,Tournament,SB,Sp-26,1,Mixed,Weekend,,2/7/2026,2/22/2026,3,,
1,County Senior Championship-Doubles,Cty Sr. Doubles,Tournament,SB,Sp-26,2,Mixed,Weekend,,2/7/2026,2/22/2026,3,,
1,County Senior Championship-Team,Cty Sr. Team,Tournament,SB,Sp-26,4,Mixed,Weekend,,2/7/2026,2/22/2026,3,,